<LinearLayout xmlns:android="http://schemas.android.com/apk/res/android"

    xmlns:tools="http://schemas.android.com/tools"

    android:id="@+id/LinearLayout1"

    android:layout_width="match_parent"

    android:layout_height="fill_parent"

    android:orientation="vertical" >


    <TextView

        android:id="@+id/tv_heading"

        android:layout_width="wrap_content"

        android:layout_height="wrap_content"

        android:text="Add your daily Expences"

        android:textColor="@color/colorPrimaryDark"

        android:textAllCaps="true"

        android:textAlignment="center"

        android:layout_marginTop="70dp"/>



    <TableLayout

        android:layout_width="match_parent"

        android:layout_height="wrap_content"

        android:layout_marginTop="20dp">



        <TableRow

            android:id="@+id/tableRow1"

            android:layout_width="wrap_content"

            android:layout_height="wrap_content" >



            <TextView

                android:id="@+id/tv_category"

                android:layout_width="wrap_content"

                android:layout_height="wrap_content"

                android:text="Expence Category" />



           <!--<EditText

                android:id="@+id/et_category"

                android:layout_width="wrap_content"

                android:layout_height="wrap_content"

                android:ems="10"
                android:layout_column="2">

            </EditText>-->

            <Spinner
                android:layout_marginLeft="50dp"
                android:id="@+id/categoryspinner"
                android:layout_width="fill_parent"
                android:layout_height="wrap_content"

                />


        </TableRow>



        <TableRow

            android:id="@+id/tableRow2"

            android:layout_width="wrap_content"

            android:layout_height="wrap_content" >



            <TextView

                android:id="@+id/tv_itemname"

                android:layout_width="wrap_content"

                android:layout_height="wrap_content"

                android:text="Item Name" />



            <EditText

                android:id="@+id/et_itemname"

                android:layout_width="wrap_content"

                android:layout_height="wrap_content"

                android:ems="10"
                android:layout_column="1">

            </EditText>

        </TableRow>

        <TableRow

            android:id="@+id/tableRow3"

            android:layout_width="wrap_content"

            android:layout_height="wrap_content" >



            <TextView

                android:id="@+id/tv_itemprice"

                android:layout_width="wrap_content"

                android:layout_height="wrap_content"

                android:text="Price" />



            <EditText

                android:id="@+id/et_itemprice"

                android:layout_width="wrap_content"

                android:layout_height="wrap_content"

                android:ems="10"
                android:layout_column="1">

            </EditText>

            <TextView

                android:id="@+id/tv_itemquantity"

                android:layout_width="wrap_content"

                android:layout_height="wrap_content"

                android:text="Quantity" />



            <EditText

                android:id="@+id/et_itemquantity"

                android:layout_width="wrap_content"

                android:layout_height="wrap_content"

                android:ems="10"
                android:layout_column="1">

            </EditText>

        </TableRow>


        <TableRow

            android:id="@+id/tableRow5"

            android:layout_width="wrap_content"

            android:layout_height="wrap_content" >



            <TextView

                android:id="@+id/tv_totalexpence"

                android:layout_width="wrap_content"

                android:layout_height="wrap_content"

                android:text="Total Price" />



            <EditText

                android:id="@+id/et_totalexpence"

                android:layout_width="wrap_content"

                android:layout_height="wrap_content"

                android:ems="10"
                android:layout_column="1">

            </EditText>

        </TableRow>

        <TableRow

            android:id="@+id/tableRow4"

            android:layout_width="wrap_content"

            android:layout_height="wrap_content" >



            <TextView

                android:id="@+id/tv_date"

                android:layout_width="wrap_content"

                android:layout_height="wrap_content"

                android:text="Date" />


            <EditText

                android:id="@+id/et_date"

                android:layout_width="wrap_content"

                android:layout_height="wrap_content"

                android:ems="10"
                android:layout_column="1">

            </EditText>





        </TableRow>


    </TableLayout>



    <LinearLayout

        android:id="@+id/LinearLayout2"

        android:layout_width="match_parent"

        android:layout_height="wrap_content"

        android:orientation="vertical" >


        <Button

            android:id="@+id/btn_submit"

            android:layout_width="323dp"

            android:layout_height="40dp"

            android:layout_marginLeft="40dp"

            android:text="submit" />


        <Button

            android:id="@+id/btn_list"

            android:layout_width="323dp"

            android:layout_height="40dp"

            android:layout_marginLeft="40dp"

            android:text="Display List"
            />

    </LinearLayout>



</LinearLayout>